[{"model": "recipes.recipe", "pk": 3, "fields": {"recipe_name": "Stuffed bell peppers", "recipe_category": 90, "recipe_image": "default.jpg", "recipe_instructions": "", "recipe_location": 170, "location_page_number": 188, "recipe_rating": "Pretty good", "comments": "", "ingredients": [31, 32, 33, 34, 35, 36, 37, 38, 39, 40, 41]}}, {"model": "recipes.recipe", "pk": 4, "fields": {"recipe_name": "Pan-Roasted Chicken Thighs", "recipe_category": 91, "recipe_image": "default.jpg", "recipe_instructions": "", "recipe_location": 170, "location_page_number": 184, "recipe_rating": "Pretty good", "comments": "", "ingredients": [42, 43, 44, 45, 46, 47, 48, 49, 50]}}, {"model": "recipes.ingredient", "pk": 31, "fields": {"ingredient_name": 352, "ingredient_quantity": 6.0, "quantity_unit": 81}}, {"model": "recipes.ingredient", "pk": 32, "fields": {"ingredient_name": 279, "ingredient_quantity": 4.0, "quantity_unit": 67}}, {"model": "recipes.ingredient", "pk": 33, "fields": {"ingredient_name": 257, "ingredient_quantity": 1.5, "quantity_unit": 76}}, {"model": "recipes.ingredient", "pk": 34, "fields": {"ingredient_name": 290, "ingredient_quantity": 1.0, "quantity_unit": 80}}, {"model": "recipes.ingredient", "pk": 35, "fields": {"ingredient_name": 293, "ingredient_quantity": 1.0, "quantity_unit": 80}}, {"model": "recipes.ingredient", "pk": 36, "fields": {"ingredient_name": 353, "ingredient_quantity": 1.0, "quantity_unit": 81}}, {"model": "recipes.ingredient", "pk": 37, "fields": {"ingredient_name": 354, "ingredient_quantity": 1.0, "quantity_unit": 81}}, {"model": "recipes.ingredient", "pk": 38, "fields": {"ingredient_name": 312, "ingredient_quantity": 4.0, "quantity_unit": 81}}, {"model": "recipes.ingredient", "pk": 39, "fields": {"ingredient_name": 356, "ingredient_quantity": 1.0, "quantity_unit": 81}}, {"model": "recipes.ingredient", "pk": 40, "fields": {"ingredient_name": 343, "ingredient_quantity": 1.0, "quantity_unit": 69}}, {"model": "recipes.ingredient", "pk": 41, "fields": {"ingredient_name": 302, "ingredient_quantity": 1.5, "quantity_unit": 69}}, {"model": "recipes.ingredient", "pk": 42, "fields": {"ingredient_name": 279, "ingredient_quantity": 6.0, "quantity_unit": 67}}, {"model": "recipes.ingredient", "pk": 43, "fields": {"ingredient_name": 253, "ingredient_quantity": 6.0, "quantity_unit": 81}}, {"model": "recipes.ingredient", "pk": 44, "fields": {"ingredient_name": 294, "ingredient_quantity": 1.0, "quantity_unit": 69}}, {"model": "recipes.ingredient", "pk": 45, "fields": {"ingredient_name": 353, "ingredient_quantity": 1.0, "quantity_unit": 78}}, {"model": "recipes.ingredient", "pk": 46, "fields": {"ingredient_name": 354, "ingredient_quantity": 5.0, "quantity_unit": 81}}, {"model": "recipes.ingredient", "pk": 47, "fields": {"ingredient_name": 343, "ingredient_quantity": 1.0, "quantity_unit": 81}}, {"model": "recipes.ingredient", "pk": 48, "fields": {"ingredient_name": 358, "ingredient_quantity": 0.5, "quantity_unit": 69}}, {"model": "recipes.ingredient", "pk": 49, "fields": {"ingredient_name": 359, "ingredient_quantity": 1.0, "quantity_unit": 69}}, {"model": "recipes.ingredient", "pk": 50, "fields": {"ingredient_name": 357, "ingredient_quantity": 1.0, "quantity_unit": 81}}, {"model": "components.measuringunit", "pk": 66, "fields": {"unit_name": "teaspoon \n"}}, {"model": "components.measuringunit", "pk": 67, "fields": {"unit_name": "tablespoon \n"}}, {"model": "components.measuringunit", "pk": 68, "fields": {"unit_name": "fluid ounce  \n"}}, {"model": "components.measuringunit", "pk": 69, "fields": {"unit_name": "cup \n"}}, {"model": "components.measuringunit", "pk": 70, "fields": {"unit_name": "pint \n"}}, {"model": "components.measuringunit", "pk": 71, "fields": {"unit_name": "quart \n"}}, {"model": "components.measuringunit", "pk": 72, "fields": {"unit_name": "gallon\n"}}, {"model": "components.measuringunit", "pk": 73, "fields": {"unit_name": "cc \n"}}, {"model": "components.measuringunit", "pk": 74, "fields": {"unit_name": "ml\n"}}, {"model": "components.measuringunit", "pk": 75, "fields": {"unit_name": "liter\n"}}, {"model": "components.measuringunit", "pk": 76, "fields": {"unit_name": "pound\n"}}, {"model": "components.measuringunit", "pk": 77, "fields": {"unit_name": "small\n"}}, {"model": "components.measuringunit", "pk": 78, "fields": {"unit_name": "medium\n"}}, {"model": "components.measuringunit", "pk": 79, "fields": {"unit_name": "large\n"}}, {"model": "components.measuringunit", "pk": 80, "fields": {"unit_name": "pinch\n"}}, {"model": "components.measuringunit", "pk": 81, "fields": {"unit_name": "other"}}, {"model": "components.food", "pk": 252, "fields": {"food_name": "Chicken - Breast", "food_category": 120, "food_aisle": null}}, {"model": "components.food", "pk": 253, "fields": {"food_name": "Chicken - Thigh", "food_category": 120, "food_aisle": null}}, {"model": "components.food", "pk": 254, "fields": {"food_name": "Chicken - Whole", "food_category": 120, "food_aisle": null}}, {"model": "components.food", "pk": 255, "fields": {"food_name": "Chicken - Half", "food_category": 120, "food_aisle": null}}, {"model": "components.food", "pk": 256, "fields": {"food_name": "Chicken - Tenderloin", "food_category": 120, "food_aisle": null}}, {"model": "components.food", "pk": 257, "fields": {"food_name": "Beef - Ground", "food_category": 122, "food_aisle": null}}, {"model": "components.food", "pk": 258, "fields": {"food_name": "Beef - Flank Steak", "food_category": 122, "food_aisle": null}}, {"model": "components.food", "pk": 259, "fields": {"food_name": "Beef - Strip Steak", "food_category": 122, "food_aisle": null}}, {"model": "components.food", "pk": 260, "fields": {"food_name": "Beef - Roast", "food_category": 122, "food_aisle": null}}, {"model": "components.food", "pk": 261, "fields": {"food_name": "Beef - Tenderloin", "food_category": 122, "food_aisle": null}}, {"model": "components.food", "pk": 262, "fields": {"food_name": "Beef - Filet", "food_category": 122, "food_aisle": null}}, {"model": "components.food", "pk": 263, "fields": {"food_name": "Beef - NY Strip Steak", "food_category": 122, "food_aisle": null}}, {"model": "components.food", "pk": 264, "fields": {"food_name": "Pasta - Rigatoni", "food_category": 132, "food_aisle": null}}, {"model": "components.food", "pk": 265, "fields": {"food_name": "Pasta - Elbow", "food_category": 132, "food_aisle": null}}, {"model": "components.food", "pk": 266, "fields": {"food_name": "Pasta - Farfalle", "food_category": 132, "food_aisle": null}}, {"model": "components.food", "pk": 267, "fields": {"food_name": "Pasta - Penne", "food_category": 132, "food_aisle": null}}, {"model": "components.food", "pk": 268, "fields": {"food_name": "Pasta - Bowtie", "food_category": 132, "food_aisle": null}}, {"model": "components.food", "pk": 269, "fields": {"food_name": "Pasta - Other", "food_category": 132, "food_aisle": null}}, {"model": "components.food", "pk": 270, "fields": {"food_name": "Pork - Chops", "food_category": 121, "food_aisle": null}}, {"model": "components.food", "pk": 271, "fields": {"food_name": "Pork - Tenderloin", "food_category": 121, "food_aisle": null}}, {"model": "components.food", "pk": 272, "fields": {"food_name": "Pork - Other", "food_category": 121, "food_aisle": null}}, {"model": "components.food", "pk": 273, "fields": {"food_name": "Peanut Butter", "food_category": 134, "food_aisle": null}}, {"model": "components.food", "pk": 274, "fields": {"food_name": "Nuttella", "food_category": 134, "food_aisle": null}}, {"model": "components.food", "pk": 275, "fields": {"food_name": "Popcorn - Kernal", "food_category": 136, "food_aisle": null}}, {"model": "components.food", "pk": 276, "fields": {"food_name": "Popcorn - Bag", "food_category": 136, "food_aisle": null}}, {"model": "components.food", "pk": 277, "fields": {"food_name": "Cooking Spray", "food_category": 129, "food_aisle": null}}, {"model": "components.food", "pk": 278, "fields": {"food_name": "Sesame Oil", "food_category": 129, "food_aisle": null}}, {"model": "components.food", "pk": 279, "fields": {"food_name": "Olive Oil", "food_category": 129, "food_aisle": null}}, {"model": "components.food", "pk": 280, "fields": {"food_name": "Vegetable Oil", "food_category": 129, "food_aisle": null}}, {"model": "components.food", "pk": 281, "fields": {"food_name": "Canola Oil", "food_category": 129, "food_aisle": null}}, {"model": "components.food", "pk": 282, "fields": {"food_name": "Oil -Other", "food_category": 129, "food_aisle": null}}, {"model": "components.food", "pk": 283, "fields": {"food_name": "Vinegar - Rice", "food_category": 133, "food_aisle": null}}, {"model": "components.food", "pk": 284, "fields": {"food_name": "Vinegar - White", "food_category": 133, "food_aisle": null}}, {"model": "components.food", "pk": 285, "fields": {"food_name": "Vinegar - Balsamic", "food_category": 133, "food_aisle": null}}, {"model": "components.food", "pk": 286, "fields": {"food_name": "Vinegar - Red Wine", "food_category": 133, "food_aisle": null}}, {"model": "components.food", "pk": 287, "fields": {"food_name": "Vinegar - Other", "food_category": 133, "food_aisle": null}}, {"model": "components.food", "pk": 288, "fields": {"food_name": "Old Bay", "food_category": 137, "food_aisle": null}}, {"model": "components.food", "pk": 289, "fields": {"food_name": "Salt - Table", "food_category": 137, "food_aisle": null}}, {"model": "components.food", "pk": 290, "fields": {"food_name": "Salt - Kosher", "food_category": 137, "food_aisle": null}}, {"model": "components.food", "pk": 291, "fields": {"food_name": "Pepper - Fine", "food_category": 137, "food_aisle": null}}, {"model": "components.food", "pk": 292, "fields": {"food_name": "Pepper - Whole Corn", "food_category": 137, "food_aisle": null}}, {"model": "components.food", "pk": 293, "fields": {"food_name": "Pepper - Corse", "food_category": 137, "food_aisle": null}}, {"model": "components.food", "pk": 294, "fields": {"food_name": "Flour", "food_category": 138, "food_aisle": null}}, {"model": "components.food", "pk": 295, "fields": {"food_name": "Bisquick", "food_category": 138, "food_aisle": null}}, {"model": "components.food", "pk": 296, "fields": {"food_name": "Baking Powder", "food_category": 138, "food_aisle": null}}, {"model": "components.food", "pk": 297, "fields": {"food_name": "Confectioners Sugar", "food_category": 138, "food_aisle": null}}, {"model": "components.food", "pk": 298, "fields": {"food_name": "Sugar", "food_category": 138, "food_aisle": null}}, {"model": "components.food", "pk": 299, "fields": {"food_name": "Corn Starch", "food_category": 138, "food_aisle": null}}, {"model": "components.food", "pk": 300, "fields": {"food_name": "Corn Meal", "food_category": 138, "food_aisle": null}}, {"model": "components.food", "pk": 301, "fields": {"food_name": "Cheese - Shredded Chedder", "food_category": 125, "food_aisle": null}}, {"model": "components.food", "pk": 302, "fields": {"food_name": "Cheese - Pepper Jack", "food_category": 125, "food_aisle": null}}, {"model": "components.food", "pk": 303, "fields": {"food_name": "Cheese - Shredded Colby Jack", "food_category": 125, "food_aisle": null}}, {"model": "components.food", "pk": 304, "fields": {"food_name": "Cheese - Sliced American", "food_category": 125, "food_aisle": null}}, {"model": "components.food", "pk": 305, "fields": {"food_name": "Cheese - Mozzerlla Stick", "food_category": 125, "food_aisle": null}}, {"model": "components.food", "pk": 306, "fields": {"food_name": "Cheese - Mozzerlla Fresh", "food_category": 125, "food_aisle": null}}, {"model": "components.food", "pk": 307, "fields": {"food_name": "Cheese - Mozzerlla Shredded", "food_category": 125, "food_aisle": null}}, {"model": "components.food", "pk": 308, "fields": {"food_name": "Cheese - Velveeta", "food_category": 125, "food_aisle": null}}, {"model": "components.food", "pk": 309, "fields": {"food_name": "Summer Squash", "food_category": 115, "food_aisle": null}}, {"model": "components.food", "pk": 310, "fields": {"food_name": "Cucumber", "food_category": 115, "food_aisle": null}}, {"model": "components.food", "pk": 311, "fields": {"food_name": "Zucchini", "food_category": 115, "food_aisle": null}}, {"model": "components.food", "pk": 312, "fields": {"food_name": "Tomato - Roma", "food_category": 115, "food_aisle": null}}, {"model": "components.food", "pk": 313, "fields": {"food_name": "Tomato - Cherry", "food_category": 115, "food_aisle": null}}, {"model": "components.food", "pk": 314, "fields": {"food_name": "Tomato - Vine", "food_category": 115, "food_aisle": null}}, {"model": "components.food", "pk": 315, "fields": {"food_name": "Corn", "food_category": 115, "food_aisle": null}}, {"model": "components.food", "pk": 316, "fields": {"food_name": "Corn - Creamed", "food_category": 116, "food_aisle": null}}, {"model": "components.food", "pk": 317, "fields": {"food_name": "BBQ - Sweet Baby Ray's", "food_category": 133, "food_aisle": null}}, {"model": "components.food", "pk": 318, "fields": {"food_name": "BBQ - Sticky Fingers", "food_category": 133, "food_aisle": null}}, {"model": "components.food", "pk": 319, "fields": {"food_name": "Mustard - Stone Ground", "food_category": 133, "food_aisle": null}}, {"model": "components.food", "pk": 320, "fields": {"food_name": "Mustard - Yellow", "food_category": 133, "food_aisle": null}}, {"model": "components.food", "pk": 321, "fields": {"food_name": "Mustard - Dijon", "food_category": 133, "food_aisle": null}}, {"model": "components.food", "pk": 322, "fields": {"food_name": "Maple Syrup", "food_category": 135, "food_aisle": null}}, {"model": "components.food", "pk": 323, "fields": {"food_name": "Hot Fudge", "food_category": 135, "food_aisle": null}}, {"model": "components.food", "pk": 324, "fields": {"food_name": "Pancake Syrup", "food_category": 135, "food_aisle": null}}, {"model": "components.food", "pk": 325, "fields": {"food_name": "Honey", "food_category": 133, "food_aisle": null}}, {"model": "components.food", "pk": 326, "fields": {"food_name": "White Chedder Powder", "food_category": 133, "food_aisle": null}}, {"model": "components.food", "pk": 327, "fields": {"food_name": "Olive - Spanish", "food_category": 133, "food_aisle": null}}, {"model": "components.food", "pk": 328, "fields": {"food_name": "Canned Red Peppers", "food_category": 133, "food_aisle": null}}, {"model": "components.food", "pk": 329, "fields": {"food_name": "Canned Roasted Peppers", "food_category": 133, "food_aisle": null}}, {"model": "components.food", "pk": 330, "fields": {"food_name": "Olive - Kalamata", "food_category": 133, "food_aisle": null}}, {"model": "components.food", "pk": 331, "fields": {"food_name": "Oyster Sauce", "food_category": 133, "food_aisle": null}}, {"model": "components.food", "pk": 332, "fields": {"food_name": "Pickle Spears", "food_category": 133, "food_aisle": null}}, {"model": "components.food", "pk": 333, "fields": {"food_name": "Pickle Chips", "food_category": 133, "food_aisle": null}}, {"model": "components.food", "pk": 334, "fields": {"food_name": "Mayonnaise", "food_category": 133, "food_aisle": null}}, {"model": "components.food", "pk": 335, "fields": {"food_name": "Salsa - Verde", "food_category": 133, "food_aisle": null}}, {"model": "components.food", "pk": 336, "fields": {"food_name": "Salse - Regular", "food_category": 133, "food_aisle": null}}, {"model": "components.food", "pk": 337, "fields": {"food_name": "Salsa - Fresh", "food_category": 133, "food_aisle": null}}, {"model": "components.food", "pk": 338, "fields": {"food_name": "Italian Vinaigrette", "food_category": 133, "food_aisle": null}}, {"model": "components.food", "pk": 339, "fields": {"food_name": "Grits", "food_category": 119, "food_aisle": null}}, {"model": "components.food", "pk": 340, "fields": {"food_name": "Oats", "food_category": 119, "food_aisle": null}}, {"model": "components.food", "pk": 341, "fields": {"food_name": "Orzo", "food_category": 132, "food_aisle": null}}, {"model": "components.food", "pk": 342, "fields": {"food_name": "Rice - Minute", "food_category": 119, "food_aisle": null}}, {"model": "components.food", "pk": 343, "fields": {"food_name": "Rice - Long Grain", "food_category": 119, "food_aisle": null}}, {"model": "components.food", "pk": 344, "fields": {"food_name": "Rice - Basmati", "food_category": 119, "food_aisle": null}}, {"model": "components.food", "pk": 345, "fields": {"food_name": "Black Bean - Dry", "food_category": 126, "food_aisle": null}}, {"model": "components.food", "pk": 346, "fields": {"food_name": "Northern Beans - Dry", "food_category": 126, "food_aisle": null}}, {"model": "components.food", "pk": 347, "fields": {"food_name": "Mixed Beans - Dry", "food_category": 126, "food_aisle": null}}, {"model": "components.food", "pk": 348, "fields": {"food_name": "Black Bean - Canned", "food_category": 127, "food_aisle": null}}, {"model": "components.food", "pk": 349, "fields": {"food_name": "Garbanzos - Chick Pea Canned", "food_category": 127, "food_aisle": null}}, {"model": "components.food", "pk": 350, "fields": {"food_name": "Garbanzos - Chick Pea Dry", "food_category": 126, "food_aisle": null}}, {"model": "components.food", "pk": 351, "fields": {"food_name": "Cannellini Bean - Canned", "food_category": 127, "food_aisle": null}}, {"model": "components.food", "pk": 352, "fields": {"food_name": "Peppers - Bell", "food_category": 115, "food_aisle": null}}, {"model": "components.food", "pk": 353, "fields": {"food_name": "Onion", "food_category": 115, "food_aisle": null}}, {"model": "components.food", "pk": 354, "fields": {"food_name": "Garlic - Clove", "food_category": 115, "food_aisle": null}}, {"model": "components.food", "pk": 355, "fields": {"food_name": "Garlic - Minced", "food_category": 115, "food_aisle": null}}, {"model": "components.food", "pk": 356, "fields": {"food_name": "Red Pepper Flakes", "food_category": 137, "food_aisle": null}}, {"model": "components.food", "pk": 357, "fields": {"food_name": "Lemon", "food_category": 118, "food_aisle": null}}, {"model": "components.food", "pk": 358, "fields": {"food_name": "Wine - White", "food_category": 133, "food_aisle": null}}, {"model": "components.food", "pk": 359, "fields": {"food_name": "Broth - Chicken", "food_category": 144, "food_aisle": null}}, {"model": "components.food", "pk": 360, "fields": {"food_name": "Broth - Beef", "food_category": 144, "food_aisle": null}}, {"model": "components.food", "pk": 361, "fields": {"food_name": "Broth - Vegetable", "food_category": 144, "food_aisle": null}}, {"model": "components.recipecategory", "pk": 84, "fields": {"recipe_category_name": "Breakfast\n"}}, {"model": "components.recipecategory", "pk": 85, "fields": {"recipe_category_name": "Lunch\n"}}, {"model": "components.recipecategory", "pk": 86, "fields": {"recipe_category_name": "Beverages\n"}}, {"model": "components.recipecategory", "pk": 87, "fields": {"recipe_category_name": "Appetizers\n"}}, {"model": "components.recipecategory", "pk": 88, "fields": {"recipe_category_name": "Soups\n"}}, {"model": "components.recipecategory", "pk": 89, "fields": {"recipe_category_name": "Salads\n"}}, {"model": "components.recipecategory", "pk": 90, "fields": {"recipe_category_name": "Main dishes: Beef\n"}}, {"model": "components.recipecategory", "pk": 91, "fields": {"recipe_category_name": "Main dishes: Poultry\n"}}, {"model": "components.recipecategory", "pk": 92, "fields": {"recipe_category_name": "Main dishes: Pork\n"}}, {"model": "components.recipecategory", "pk": 93, "fields": {"recipe_category_name": "Main dishes: Seafood\n"}}, {"model": "components.recipecategory", "pk": 94, "fields": {"recipe_category_name": "Main dishes: Vegetarian\n"}}, {"model": "components.recipecategory", "pk": 95, "fields": {"recipe_category_name": "Main dishes: Other\n"}}, {"model": "components.recipecategory", "pk": 96, "fields": {"recipe_category_name": "Side dishes: Vegetables\n"}}, {"model": "components.recipecategory", "pk": 97, "fields": {"recipe_category_name": "Side dishes: Other\n"}}, {"model": "components.recipecategory", "pk": 98, "fields": {"recipe_category_name": "Desserts\n"}}, {"model": "components.recipecategory", "pk": 99, "fields": {"recipe_category_name": "Canning / Freezing\n"}}, {"model": "components.recipecategory", "pk": 100, "fields": {"recipe_category_name": "Breads\n"}}, {"model": "components.recipecategory", "pk": 101, "fields": {"recipe_category_name": "Holidays\n"}}, {"model": "components.recipecategory", "pk": 102, "fields": {"recipe_category_name": "Entertaining"}}, {"model": "components.foodcategory", "pk": 115, "fields": {"food_category_name": "Vegetable - Fresh"}}, {"model": "components.foodcategory", "pk": 116, "fields": {"food_category_name": "Vegetable - Canned"}}, {"model": "components.foodcategory", "pk": 117, "fields": {"food_category_name": "Vegetable - Other"}}, {"model": "components.foodcategory", "pk": 118, "fields": {"food_category_name": "Fruit\n"}}, {"model": "components.foodcategory", "pk": 119, "fields": {"food_category_name": "Grain\n"}}, {"model": "components.foodcategory", "pk": 120, "fields": {"food_category_name": "Meat-Poultry\n"}}, {"model": "components.foodcategory", "pk": 121, "fields": {"food_category_name": "Meat-Pork\n"}}, {"model": "components.foodcategory", "pk": 122, "fields": {"food_category_name": "Meat-Beef\n"}}, {"model": "components.foodcategory", "pk": 123, "fields": {"food_category_name": "Meat-Fish\n"}}, {"model": "components.foodcategory", "pk": 124, "fields": {"food_category_name": "Meat-Other\n"}}, {"model": "components.foodcategory", "pk": 125, "fields": {"food_category_name": "Dairy\n"}}, {"model": "components.foodcategory", "pk": 126, "fields": {"food_category_name": "Bean - Dry\n"}}, {"model": "components.foodcategory", "pk": 127, "fields": {"food_category_name": "Bean - Canned\n"}}, {"model": "components.foodcategory", "pk": 128, "fields": {"food_category_name": "Sugary\n"}}, {"model": "components.foodcategory", "pk": 129, "fields": {"food_category_name": "Oils\n"}}, {"model": "components.foodcategory", "pk": 130, "fields": {"food_category_name": "Vinegar\n"}}, {"model": "components.foodcategory", "pk": 131, "fields": {"food_category_name": "Drinks\n"}}, {"model": "components.foodcategory", "pk": 132, "fields": {"food_category_name": "Pasta\n"}}, {"model": "components.foodcategory", "pk": 133, "fields": {"food_category_name": "Condiments\n"}}, {"model": "components.foodcategory", "pk": 134, "fields": {"food_category_name": "Spreads\n"}}, {"model": "components.foodcategory", "pk": 135, "fields": {"food_category_name": "Toppings\n"}}, {"model": "components.foodcategory", "pk": 136, "fields": {"food_category_name": "Snack\n"}}, {"model": "components.foodcategory", "pk": 137, "fields": {"food_category_name": "Spice\n"}}, {"model": "components.foodcategory", "pk": 138, "fields": {"food_category_name": "Baking\n"}}, {"model": "components.foodcategory", "pk": 139, "fields": {"food_category_name": "Canned\n"}}, {"model": "components.foodcategory", "pk": 140, "fields": {"food_category_name": "Other"}}, {"model": "components.foodcategory", "pk": 144, "fields": {"food_category_name": "Soup\n"}}, {"model": "components.aisle", "pk": 92, "fields": {"aisle_name": "1\n"}}, {"model": "components.aisle", "pk": 93, "fields": {"aisle_name": "2\n"}}, {"model": "components.aisle", "pk": 94, "fields": {"aisle_name": "3\n"}}, {"model": "components.aisle", "pk": 95, "fields": {"aisle_name": "4\n"}}, {"model": "components.aisle", "pk": 96, "fields": {"aisle_name": "5\n"}}, {"model": "components.aisle", "pk": 97, "fields": {"aisle_name": "6\n"}}, {"model": "components.aisle", "pk": 98, "fields": {"aisle_name": "7\n"}}, {"model": "components.aisle", "pk": 99, "fields": {"aisle_name": "8\n"}}, {"model": "components.aisle", "pk": 100, "fields": {"aisle_name": "9\n"}}, {"model": "components.aisle", "pk": 101, "fields": {"aisle_name": "10\n"}}, {"model": "components.aisle", "pk": 102, "fields": {"aisle_name": "11\n"}}, {"model": "components.aisle", "pk": 103, "fields": {"aisle_name": "12\n"}}, {"model": "components.aisle", "pk": 104, "fields": {"aisle_name": "13\n"}}, {"model": "components.aisle", "pk": 105, "fields": {"aisle_name": "14\n"}}, {"model": "components.aisle", "pk": 106, "fields": {"aisle_name": "Produce\n"}}, {"model": "components.aisle", "pk": 107, "fields": {"aisle_name": "Dairy\n"}}, {"model": "components.aisle", "pk": 108, "fields": {"aisle_name": "Meat\n"}}, {"model": "components.aisle", "pk": 109, "fields": {"aisle_name": "Bakery"}}, {"model": "components.recipebook", "pk": 170, "fields": {"book_name": "Pioneer Woman - Come and get it\n", "recipe_book_image": "default_book.jpg"}}, {"model": "components.recipebook", "pk": 171, "fields": {"book_name": "Pioneer Woman - Food from my frontier\n", "recipe_book_image": "default_book.jpg"}}, {"model": "components.recipebook", "pk": 172, "fields": {"book_name": "Pioneer Woman - Dinnertime\n", "recipe_book_image": "default_book.jpg"}}, {"model": "components.recipebook", "pk": 173, "fields": {"book_name": "Pioneer Woman - The new Frontier\n", "recipe_book_image": "default_book.jpg"}}, {"model": "components.recipebook", "pk": 174, "fields": {"book_name": "Pioneer Woman - Year of holidays\n", "recipe_book_image": "default_book.jpg"}}, {"model": "components.recipebook", "pk": 175, "fields": {"book_name": "Pioneer Woman - Untitled\n", "recipe_book_image": "default_book.jpg"}}, {"model": "components.recipebook", "pk": 176, "fields": {"book_name": "One-pan Meals Mag\n", "recipe_book_image": "default_book.jpg"}}, {"model": "components.recipebook", "pk": 177, "fields": {"book_name": "Pioneer Woman Mag - Summer 2021\n", "recipe_book_image": "default_book.jpg"}}, {"model": "components.recipebook", "pk": 178, "fields": {"book_name": "Pioneer Woman Mag - Spring 2020\n", "recipe_book_image": "default_book.jpg"}}, {"model": "components.recipebook", "pk": 179, "fields": {"book_name": "Pioneer Woman Mag - Fall 2019\n", "recipe_book_image": "default_book.jpg"}}, {"model": "components.recipebook", "pk": 180, "fields": {"book_name": "Pioneer Woman Mag - Spring 2019\n", "recipe_book_image": "default_book.jpg"}}, {"model": "components.recipebook", "pk": 181, "fields": {"book_name": "Pioneer Woman Mag - Holiday 2018\n", "recipe_book_image": "default_book.jpg"}}, {"model": "components.recipebook", "pk": 182, "fields": {"book_name": "Pioneer Woman Mag - Fall 2020\n", "recipe_book_image": "default_book.jpg"}}, {"model": "components.recipebook", "pk": 183, "fields": {"book_name": "Pioneer Woman Mag - Holiday 2019\n", "recipe_book_image": "default_book.jpg"}}, {"model": "components.recipebook", "pk": 184, "fields": {"book_name": "Pioneer Woman Mag - Summer 2020\n", "recipe_book_image": "default_book.jpg"}}, {"model": "components.recipebook", "pk": 185, "fields": {"book_name": "Skinny One-pan Recipes Mag\n", "recipe_book_image": "default_book.jpg"}}, {"model": "components.recipebook", "pk": 186, "fields": {"book_name": "Easy, Delicious Meals\n", "recipe_book_image": "default_book.jpg"}}, {"model": "components.recipebook", "pk": 187, "fields": {"book_name": "Blue Binder - Appitizers\n", "recipe_book_image": "default_book.jpg"}}, {"model": "components.recipebook", "pk": 188, "fields": {"book_name": "Blue Binder - Sides\n", "recipe_book_image": "default_book.jpg"}}, {"model": "components.recipebook", "pk": 189, "fields": {"book_name": "Blue Binder - Crock Pot\n", "recipe_book_image": "default_book.jpg"}}, {"model": "components.recipebook", "pk": 190, "fields": {"book_name": "Blue Binder - Pasta/Skillet\n", "recipe_book_image": "default_book.jpg"}}, {"model": "components.recipebook", "pk": 191, "fields": {"book_name": "Blue Binder - Oven Dinners\n", "recipe_book_image": "default_book.jpg"}}, {"model": "components.recipebook", "pk": 192, "fields": {"book_name": "Blue Binder - Soups\n", "recipe_book_image": "default_book.jpg"}}, {"model": "components.recipebook", "pk": 193, "fields": {"book_name": "Blue Binder - Desserts\n", "recipe_book_image": "default_book.jpg"}}, {"model": "components.recipebook", "pk": 194, "fields": {"book_name": "Blue Binder - Free Floating\n", "recipe_book_image": "default_book.jpg"}}, {"model": "components.recipebook", "pk": 195, "fields": {"book_name": "The Chew - What's for dinner\n", "recipe_book_image": "default_book.jpg"}}, {"model": "components.recipebook", "pk": 196, "fields": {"book_name": "Snack and Appetizers\n", "recipe_book_image": "default_book.jpg"}}, {"model": "components.recipebook", "pk": 197, "fields": {"book_name": "Instant Pot Cookbook\n", "recipe_book_image": "default_book.jpg"}}, {"model": "components.recipebook", "pk": 198, "fields": {"book_name": "Stock the Crock\n", "recipe_book_image": "default_book.jpg"}}, {"model": "components.recipebook", "pk": 199, "fields": {"book_name": "Christmas in the Kitchen\n", "recipe_book_image": "default_book.jpg"}}, {"model": "components.recipebook", "pk": 200, "fields": {"book_name": "Joy of Cooking\n", "recipe_book_image": "default_book.jpg"}}, {"model": "components.recipebook", "pk": 201, "fields": {"book_name": "Bodyshred Meal Plan\n", "recipe_book_image": "default_book.jpg"}}, {"model": "components.recipebook", "pk": 202, "fields": {"book_name": "Slow Cooker Soups & Stews\n", "recipe_book_image": "default_book.jpg"}}, {"model": "components.recipebook", "pk": 203, "fields": {"book_name": "Food Network Mag - July/August 2018\n", "recipe_book_image": "default_book.jpg"}}, {"model": "components.recipebook", "pk": 204, "fields": {"book_name": "Fast & Fresh - 2018\n", "recipe_book_image": "default_book.jpg"}}, {"model": "components.recipebook", "pk": 205, "fields": {"book_name": "Cast Iron Cookbook - Summer 2020\n", "recipe_book_image": "default_book.jpg"}}, {"model": "components.recipebook", "pk": 206, "fields": {"book_name": "Southern Living - May 2020\n", "recipe_book_image": "default_book.jpg"}}, {"model": "components.recipebook", "pk": 207, "fields": {"book_name": "Rachael Ray Everyday - October 2019\n", "recipe_book_image": "default_book.jpg"}}, {"model": "components.recipebook", "pk": 208, "fields": {"book_name": "Rachael Ray Everyday - December 2014\n", "recipe_book_image": "default_book.jpg"}}, {"model": "components.recipebook", "pk": 209, "fields": {"book_name": "Cast-Iron Recipes - Mag\n", "recipe_book_image": "default_book.jpg"}}, {"model": "components.recipebook", "pk": 210, "fields": {"book_name": "BH&G Slow Cooker Family Dinners", "recipe_book_image": "default_book.jpg"}}]