[{"model": "contenttypes.contenttype", "pk": 15, "fields": {"app_label": "admin", "model": "logentry"}}, {"model": "contenttypes.contenttype", "pk": 16, "fields": {"app_label": "auth", "model": "permission"}}, {"model": "contenttypes.contenttype", "pk": 17, "fields": {"app_label": "auth", "model": "group"}}, {"model": "contenttypes.contenttype", "pk": 18, "fields": {"app_label": "auth", "model": "user"}}, {"model": "contenttypes.contenttype", "pk": 19, "fields": {"app_label": "contenttypes", "model": "contenttype"}}, {"model": "contenttypes.contenttype", "pk": 20, "fields": {"app_label": "sessions", "model": "session"}}, {"model": "contenttypes.contenttype", "pk": 21, "fields": {"app_label": "recipes", "model": "recipe"}}, {"model": "contenttypes.contenttype", "pk": 22, "fields": {"app_label": "recipes", "model": "ingredient"}}, {"model": "contenttypes.contenttype", "pk": 23, "fields": {"app_label": "components", "model": "measuringunit"}}, {"model": "contenttypes.contenttype", "pk": 24, "fields": {"app_label": "components", "model": "food"}}, {"model": "contenttypes.contenttype", "pk": 25, "fields": {"app_label": "components", "model": "recipecategory"}}, {"model": "contenttypes.contenttype", "pk": 26, "fields": {"app_label": "components", "model": "foodcategory"}}, {"model": "contenttypes.contenttype", "pk": 27, "fields": {"app_label": "components", "model": "aisle"}}, {"model": "contenttypes.contenttype", "pk": 28, "fields": {"app_label": "components", "model": "recipebook"}}, {"model": "contenttypes.contenttype", "pk": 29, "fields": {"app_label": "groceries", "model": "grocerylist"}}, {"model": "contenttypes.contenttype", "pk": 30, "fields": {"app_label": "groceries", "model": "chooseitem"}}, {"model": "sessions.session", "pk": "76mttd9z2docd43iq5q987jrjrnr3u4k", "fields": {"session_data": "ZThmZGI4YWEzNjI2NzUwYWVlMThhNzJiZDdmOTIxNDExN2MyZjRhNzp7Il9hdXRoX3VzZXJfaWQiOiIxIiwiX2F1dGhfdXNlcl9iYWNrZW5kIjoiZGphbmdvLmNvbnRyaWIuYXV0aC5iYWNrZW5kcy5Nb2RlbEJhY2tlbmQiLCJfYXV0aF91c2VyX2hhc2giOiIxMjdkNDZkYzJjODJmYzI1NDlhYWE3ZWViMTA3MzY3ZjhmMTgzODIyIn0=", "expire_date": "2021-01-26T01:32:45.612Z"}}, {"model": "sessions.session", "pk": "infkt4gbwzplb45nabvkl8fi6535x8di", "fields": {"session_data": "YWI4NjI3ZDAzOTllNzk1M2E4ZDM1OWUxMjkwN2QzMTliZjdiY2JiYTp7Il9hdXRoX3VzZXJfaWQiOiIyIiwiX2F1dGhfdXNlcl9iYWNrZW5kIjoiZGphbmdvLmNvbnRyaWIuYXV0aC5iYWNrZW5kcy5Nb2RlbEJhY2tlbmQiLCJfYXV0aF91c2VyX2hhc2giOiJjZDY0MzQ4MmQ3ZjNkYzUwODAzNzg3ZTFkZDc4NzlhYTNhYzc0MzllIiwicmVjaXBlX25hbWUiOiJBbm90aGVyIEdyZWF0IFJlY2lwZSJ9", "expire_date": "2021-07-12T15:59:14.162Z"}}, {"model": "sessions.session", "pk": "l5wur353c4vgn61o4edvo15ctcw6nbu2", "fields": {"session_data": "NmYzZGVjM2Q5ZTlmNDU5NDEyODFhMGJiOGU5MWUzZGQ1MzRkNmM5Yjp7InJlY2lwZV9uYW1lIjoiQmFrZWQgQ2hpY2tlbiJ9", "expire_date": "2021-01-05T22:26:34.501Z"}}, {"model": "recipes.recipe", "pk": 4, "fields": {"recipe_name": "Great bean soup", "recipe_category": 3, "recipe_image": "recipe_pics/20171106_113540.jpg", "recipe_instructions": "Do some stuff", "recipe_location": 3, "location_page_number": 50}}, {"model": "recipes.recipe", "pk": 6, "fields": {"recipe_name": "Great Recipe", "recipe_category": 2, "recipe_image": "recipe_pics/20171128_160131.jpg", "recipe_instructions": "", "recipe_location": 3, "location_page_number": 2}}, {"model": "recipes.recipe", "pk": 7, "fields": {"recipe_name": "Another Great Recipe", "recipe_category": 6, "recipe_image": "default.jpg", "recipe_instructions": "Many things", "recipe_location": 3, "location_page_number": 5}}, {"model": "recipes.ingredient", "pk": 7, "fields": {"ingredient_name": 10, "linked_recipe": "Great bean soup", "ingredient_quantity": 5.0, "quantity_unit": 2}}, {"model": "recipes.ingredient", "pk": 12, "fields": {"ingredient_name": 9, "linked_recipe": "Great Recipe", "ingredient_quantity": 3.0, "quantity_unit": 3}}, {"model": "components.measuringunit", "pk": 2, "fields": {"unit_name": "tablespoon"}}, {"model": "components.measuringunit", "pk": 3, "fields": {"unit_name": "teaspoon"}}, {"model": "components.measuringunit", "pk": 5, "fields": {"unit_name": "cup(s)"}}, {"model": "components.measuringunit", "pk": 6, "fields": {"unit_name": "pinch"}}, {"model": "components.measuringunit", "pk": 7, "fields": {"unit_name": "pint"}}, {"model": "components.food", "pk": 9, "fields": {"food_name": "milk", "food_category": 9, "food_aisle": 6}}, {"model": "components.food", "pk": 10, "fields": {"food_name": "cheese", "food_category": 9, "food_aisle": 6}}, {"model": "components.food", "pk": 12, "fields": {"food_name": "danimal", "food_category": 9, "food_aisle": 6}}, {"model": "components.recipecategory", "pk": 2, "fields": {"recipe_category_name": "dinner-asian"}}, {"model": "components.recipecategory", "pk": 3, "fields": {"recipe_category_name": "dinner-generic"}}, {"model": "components.recipecategory", "pk": 4, "fields": {"recipe_category_name": "dinner-mexican"}}, {"model": "components.recipecategory", "pk": 5, "fields": {"recipe_category_name": "dinner-one pot"}}, {"model": "components.recipecategory", "pk": 6, "fields": {"recipe_category_name": "breakfast"}}, {"model": "components.recipecategory", "pk": 7, "fields": {"recipe_category_name": "lunch"}}, {"model": "components.foodcategory", "pk": 2, "fields": {"food_category_name": "meat"}}, {"model": "components.foodcategory", "pk": 3, "fields": {"food_category_name": "vegetable"}}, {"model": "components.foodcategory", "pk": 4, "fields": {"food_category_name": "bean"}}, {"model": "components.foodcategory", "pk": 5, "fields": {"food_category_name": "drink"}}, {"model": "components.foodcategory", "pk": 6, "fields": {"food_category_name": "egg"}}, {"model": "components.foodcategory", "pk": 7, "fields": {"food_category_name": "grain"}}, {"model": "components.foodcategory", "pk": 8, "fields": {"food_category_name": "pasta"}}, {"model": "components.foodcategory", "pk": 9, "fields": {"food_category_name": "dairy"}}, {"model": "components.aisle", "pk": 5, "fields": {"aisle_name": "produce"}}, {"model": "components.aisle", "pk": 6, "fields": {"aisle_name": "dairy"}}, {"model": "components.aisle", "pk": 7, "fields": {"aisle_name": "1"}}, {"model": "components.aisle", "pk": 8, "fields": {"aisle_name": "2"}}, {"model": "components.aisle", "pk": 9, "fields": {"aisle_name": "3"}}, {"model": "components.aisle", "pk": 10, "fields": {"aisle_name": "4"}}, {"model": "components.aisle", "pk": 11, "fields": {"aisle_name": "5"}}, {"model": "components.aisle", "pk": 12, "fields": {"aisle_name": "6"}}, {"model": "components.aisle", "pk": 13, "fields": {"aisle_name": "7"}}, {"model": "components.aisle", "pk": 14, "fields": {"aisle_name": "8"}}, {"model": "components.aisle", "pk": 15, "fields": {"aisle_name": "9"}}, {"model": "components.recipebook", "pk": 2, "fields": {"book_name": "good_book"}}, {"model": "components.recipebook", "pk": 3, "fields": {"book_name": "Great Book"}}, {"model": "components.recipebook", "pk": 4, "fields": {"book_name": "okay_book"}}, {"model": "groceries.chooseitem", "pk": 6, "fields": {"item_name": 10, "item_quantity": 1.0, "item_quantity_unit": 2}}, {"model": "groceries.chooseitem", "pk": 24, "fields": {"item_name": 10, "item_quantity": 10.0, "item_quantity_unit": 2}}, {"model": "groceries.chooseitem", "pk": 48, "fields": {"item_name": 12, "item_quantity": 1.0, "item_quantity_unit": 2}}, {"model": "groceries.grocerylist", "pk": 6, "fields": {"list_name": "2021-01-14", "list_items": [], "list_recipes": [4]}}, {"model": "groceries.grocerylist", "pk": 7, "fields": {"list_name": "2021-01-16", "list_items": [], "list_recipes": []}}, {"model": "groceries.grocerylist", "pk": 8, "fields": {"list_name": "2021-01-16", "list_items": [], "list_recipes": []}}, {"model": "groceries.grocerylist", "pk": 9, "fields": {"list_name": "2021-01-12", "list_items": [6], "list_recipes": []}}, {"model": "groceries.grocerylist", "pk": 10, "fields": {"list_name": "2021-01-11", "list_items": [], "list_recipes": []}}, {"model": "groceries.grocerylist", "pk": 11, "fields": {"list_name": "2021-01-10", "list_items": [], "list_recipes": []}}, {"model": "groceries.grocerylist", "pk": 12, "fields": {"list_name": "2021-01-09", "list_items": [], "list_recipes": []}}, {"model": "groceries.grocerylist", "pk": 13, "fields": {"list_name": "2021-01-08", "list_items": [], "list_recipes": []}}, {"model": "groceries.grocerylist", "pk": 14, "fields": {"list_name": "2021-01-07", "list_items": [], "list_recipes": []}}, {"model": "groceries.grocerylist", "pk": 15, "fields": {"list_name": "2021-01-23", "list_items": [], "list_recipes": [4]}}, {"model": "groceries.grocerylist", "pk": 16, "fields": {"list_name": "2021-01-28", "list_items": [24], "list_recipes": [4]}}, {"model": "groceries.grocerylist", "pk": 17, "fields": {"list_name": "2021-02-05", "list_items": [], "list_recipes": [4]}}, {"model": "groceries.grocerylist", "pk": 18, "fields": {"list_name": "2021-02-13", "list_items": [], "list_recipes": [4]}}, {"model": "groceries.grocerylist", "pk": 19, "fields": {"list_name": "2021-06-24", "list_items": [], "list_recipes": []}}, {"model": "groceries.grocerylist", "pk": 20, "fields": {"list_name": "2021-06-27", "list_items": [48], "list_recipes": [4, 6]}}, {"model": "groceries.grocerylist", "pk": 21, "fields": {"list_name": "2021-06-28", "list_items": [], "list_recipes": [4, 6]}}, {"model": "auth.permission", "pk": 57, "fields": {"name": "Can add log entry", "content_type": 15, "codename": "add_logentry"}}, {"model": "auth.permission", "pk": 58, "fields": {"name": "Can change log entry", "content_type": 15, "codename": "change_logentry"}}, {"model": "auth.permission", "pk": 59, "fields": {"name": "Can delete log entry", "content_type": 15, "codename": "delete_logentry"}}, {"model": "auth.permission", "pk": 60, "fields": {"name": "Can view log entry", "content_type": 15, "codename": "view_logentry"}}, {"model": "auth.permission", "pk": 61, "fields": {"name": "Can add permission", "content_type": 16, "codename": "add_permission"}}, {"model": "auth.permission", "pk": 62, "fields": {"name": "Can change permission", "content_type": 16, "codename": "change_permission"}}, {"model": "auth.permission", "pk": 63, "fields": {"name": "Can delete permission", "content_type": 16, "codename": "delete_permission"}}, {"model": "auth.permission", "pk": 64, "fields": {"name": "Can view permission", "content_type": 16, "codename": "view_permission"}}, {"model": "auth.permission", "pk": 65, "fields": {"name": "Can add group", "content_type": 17, "codename": "add_group"}}, {"model": "auth.permission", "pk": 66, "fields": {"name": "Can change group", "content_type": 17, "codename": "change_group"}}, {"model": "auth.permission", "pk": 67, "fields": {"name": "Can delete group", "content_type": 17, "codename": "delete_group"}}, {"model": "auth.permission", "pk": 68, "fields": {"name": "Can view group", "content_type": 17, "codename": "view_group"}}, {"model": "auth.permission", "pk": 69, "fields": {"name": "Can add user", "content_type": 18, "codename": "add_user"}}, {"model": "auth.permission", "pk": 70, "fields": {"name": "Can change user", "content_type": 18, "codename": "change_user"}}, {"model": "auth.permission", "pk": 71, "fields": {"name": "Can delete user", "content_type": 18, "codename": "delete_user"}}, {"model": "auth.permission", "pk": 72, "fields": {"name": "Can view user", "content_type": 18, "codename": "view_user"}}, {"model": "auth.permission", "pk": 73, "fields": {"name": "Can add content type", "content_type": 19, "codename": "add_contenttype"}}, {"model": "auth.permission", "pk": 74, "fields": {"name": "Can change content type", "content_type": 19, "codename": "change_contenttype"}}, {"model": "auth.permission", "pk": 75, "fields": {"name": "Can delete content type", "content_type": 19, "codename": "delete_contenttype"}}, {"model": "auth.permission", "pk": 76, "fields": {"name": "Can view content type", "content_type": 19, "codename": "view_contenttype"}}, {"model": "auth.permission", "pk": 77, "fields": {"name": "Can add session", "content_type": 20, "codename": "add_session"}}, {"model": "auth.permission", "pk": 78, "fields": {"name": "Can change session", "content_type": 20, "codename": "change_session"}}, {"model": "auth.permission", "pk": 79, "fields": {"name": "Can delete session", "content_type": 20, "codename": "delete_session"}}, {"model": "auth.permission", "pk": 80, "fields": {"name": "Can view session", "content_type": 20, "codename": "view_session"}}, {"model": "auth.permission", "pk": 81, "fields": {"name": "Can add recipe", "content_type": 21, "codename": "add_recipe"}}, {"model": "auth.permission", "pk": 82, "fields": {"name": "Can change recipe", "content_type": 21, "codename": "change_recipe"}}, {"model": "auth.permission", "pk": 83, "fields": {"name": "Can delete recipe", "content_type": 21, "codename": "delete_recipe"}}, {"model": "auth.permission", "pk": 84, "fields": {"name": "Can view recipe", "content_type": 21, "codename": "view_recipe"}}, {"model": "auth.permission", "pk": 85, "fields": {"name": "Can add ingredients", "content_type": 22, "codename": "add_ingredients"}}, {"model": "auth.permission", "pk": 86, "fields": {"name": "Can change ingredients", "content_type": 22, "codename": "change_ingredients"}}, {"model": "auth.permission", "pk": 87, "fields": {"name": "Can delete ingredients", "content_type": 22, "codename": "delete_ingredients"}}, {"model": "auth.permission", "pk": 88, "fields": {"name": "Can view ingredients", "content_type": 22, "codename": "view_ingredients"}}, {"model": "auth.permission", "pk": 89, "fields": {"name": "Can add measuring unit", "content_type": 23, "codename": "add_measuringunit"}}, {"model": "auth.permission", "pk": 90, "fields": {"name": "Can change measuring unit", "content_type": 23, "codename": "change_measuringunit"}}, {"model": "auth.permission", "pk": 91, "fields": {"name": "Can delete measuring unit", "content_type": 23, "codename": "delete_measuringunit"}}, {"model": "auth.permission", "pk": 92, "fields": {"name": "Can view measuring unit", "content_type": 23, "codename": "view_measuringunit"}}, {"model": "auth.permission", "pk": 93, "fields": {"name": "Can add food", "content_type": 24, "codename": "add_food"}}, {"model": "auth.permission", "pk": 94, "fields": {"name": "Can change food", "content_type": 24, "codename": "change_food"}}, {"model": "auth.permission", "pk": 95, "fields": {"name": "Can delete food", "content_type": 24, "codename": "delete_food"}}, {"model": "auth.permission", "pk": 96, "fields": {"name": "Can view food", "content_type": 24, "codename": "view_food"}}, {"model": "auth.permission", "pk": 97, "fields": {"name": "Can add recipe category", "content_type": 25, "codename": "add_recipecategory"}}, {"model": "auth.permission", "pk": 98, "fields": {"name": "Can change recipe category", "content_type": 25, "codename": "change_recipecategory"}}, {"model": "auth.permission", "pk": 99, "fields": {"name": "Can delete recipe category", "content_type": 25, "codename": "delete_recipecategory"}}, {"model": "auth.permission", "pk": 100, "fields": {"name": "Can view recipe category", "content_type": 25, "codename": "view_recipecategory"}}, {"model": "auth.permission", "pk": 101, "fields": {"name": "Can add food category", "content_type": 26, "codename": "add_foodcategory"}}, {"model": "auth.permission", "pk": 102, "fields": {"name": "Can change food category", "content_type": 26, "codename": "change_foodcategory"}}, {"model": "auth.permission", "pk": 103, "fields": {"name": "Can delete food category", "content_type": 26, "codename": "delete_foodcategory"}}, {"model": "auth.permission", "pk": 104, "fields": {"name": "Can view food category", "content_type": 26, "codename": "view_foodcategory"}}, {"model": "auth.permission", "pk": 105, "fields": {"name": "Can add aisle", "content_type": 27, "codename": "add_aisle"}}, {"model": "auth.permission", "pk": 106, "fields": {"name": "Can change aisle", "content_type": 27, "codename": "change_aisle"}}, {"model": "auth.permission", "pk": 107, "fields": {"name": "Can delete aisle", "content_type": 27, "codename": "delete_aisle"}}, {"model": "auth.permission", "pk": 108, "fields": {"name": "Can view aisle", "content_type": 27, "codename": "view_aisle"}}, {"model": "auth.permission", "pk": 109, "fields": {"name": "Can add recipe book", "content_type": 28, "codename": "add_recipebook"}}, {"model": "auth.permission", "pk": 110, "fields": {"name": "Can change recipe book", "content_type": 28, "codename": "change_recipebook"}}, {"model": "auth.permission", "pk": 111, "fields": {"name": "Can delete recipe book", "content_type": 28, "codename": "delete_recipebook"}}, {"model": "auth.permission", "pk": 112, "fields": {"name": "Can view recipe book", "content_type": 28, "codename": "view_recipebook"}}, {"model": "auth.permission", "pk": 113, "fields": {"name": "Can add ingredient", "content_type": 22, "codename": "add_ingredient"}}, {"model": "auth.permission", "pk": 114, "fields": {"name": "Can change ingredient", "content_type": 22, "codename": "change_ingredient"}}, {"model": "auth.permission", "pk": 115, "fields": {"name": "Can delete ingredient", "content_type": 22, "codename": "delete_ingredient"}}, {"model": "auth.permission", "pk": 116, "fields": {"name": "Can view ingredient", "content_type": 22, "codename": "view_ingredient"}}, {"model": "auth.permission", "pk": 117, "fields": {"name": "Can add grocery list", "content_type": 29, "codename": "add_grocerylist"}}, {"model": "auth.permission", "pk": 118, "fields": {"name": "Can change grocery list", "content_type": 29, "codename": "change_grocerylist"}}, {"model": "auth.permission", "pk": 119, "fields": {"name": "Can delete grocery list", "content_type": 29, "codename": "delete_grocerylist"}}, {"model": "auth.permission", "pk": 120, "fields": {"name": "Can view grocery list", "content_type": 29, "codename": "view_grocerylist"}}, {"model": "auth.permission", "pk": 121, "fields": {"name": "Can add choose item", "content_type": 30, "codename": "add_chooseitem"}}, {"model": "auth.permission", "pk": 122, "fields": {"name": "Can change choose item", "content_type": 30, "codename": "change_chooseitem"}}, {"model": "auth.permission", "pk": 123, "fields": {"name": "Can delete choose item", "content_type": 30, "codename": "delete_chooseitem"}}, {"model": "auth.permission", "pk": 124, "fields": {"name": "Can view choose item", "content_type": 30, "codename": "view_chooseitem"}}, {"model": "auth.user", "pk": 1, "fields": {"password": "pbkdf2_sha256$180000$sJsR94VyX99b$A2J+Tfv2nIsFuy5UjQvhtRUpTff0RpiDWAEjkb4BgIY=", "last_login": "2021-01-12T01:32:45.602Z", "is_superuser": true, "username": "jesse", "first_name": "", "last_name": "", "email": "jesse@jesse.jesse", "is_staff": true, "is_active": true, "date_joined": "2021-01-12T01:32:35.197Z", "groups": [], "user_permissions": []}}, {"model": "auth.user", "pk": 2, "fields": {"password": "pbkdf2_sha256$180000$clfNwXWfgpiE$RSxrR+hQSfX58edh/Sz3CeZLONyy9bssiD0MiieyzU0=", "last_login": "2021-06-27T14:54:48.806Z", "is_superuser": true, "username": "Jesse", "first_name": "", "last_name": "", "email": "jesse@jesse.jesse", "is_staff": true, "is_active": true, "date_joined": "2021-06-27T14:53:34.666Z", "groups": [], "user_permissions": []}}, {"model": "admin.logentry", "pk": 1, "fields": {"action_time": "2021-01-12T01:36:10.504Z", "user": 1, "content_type": 30, "object_id": "1", "object_repr": "chicken-breast", "action_flag": 1, "change_message": "[{\"added\": {}}]"}}, {"model": "admin.logentry", "pk": 2, "fields": {"action_time": "2021-01-12T01:36:19.299Z", "user": 1, "content_type": 29, "object_id": "4", "object_repr": "List for 2021-01-13", "action_flag": 2, "change_message": "[{\"changed\": {\"fields\": [\"List items\"]}}]"}}, {"model": "admin.logentry", "pk": 3, "fields": {"action_time": "2021-01-12T15:33:52.152Z", "user": 1, "content_type": 29, "object_id": "1", "object_repr": "List for 2021-01-16", "action_flag": 3, "change_message": ""}}, {"model": "admin.logentry", "pk": 4, "fields": {"action_time": "2021-01-12T15:34:00.118Z", "user": 1, "content_type": 29, "object_id": "4", "object_repr": "List for 2021-01-13", "action_flag": 3, "change_message": ""}}, {"model": "admin.logentry", "pk": 5, "fields": {"action_time": "2021-01-12T15:34:00.131Z", "user": 1, "content_type": 29, "object_id": "3", "object_repr": "List for 2021-01-16", "action_flag": 3, "change_message": ""}}, {"model": "admin.logentry", "pk": 6, "fields": {"action_time": "2021-01-12T15:34:00.145Z", "user": 1, "content_type": 29, "object_id": "2", "object_repr": "List for 2021-01-16", "action_flag": 3, "change_message": ""}}, {"model": "admin.logentry", "pk": 7, "fields": {"action_time": "2021-01-12T15:35:16.123Z", "user": 1, "content_type": 30, "object_id": "2", "object_repr": "chicken-breast", "action_flag": 1, "change_message": "[{\"added\": {}}]"}}, {"model": "admin.logentry", "pk": 8, "fields": {"action_time": "2021-01-12T15:35:27.803Z", "user": 1, "content_type": 30, "object_id": "3", "object_repr": "chicken-nugget", "action_flag": 1, "change_message": "[{\"added\": {}}]"}}, {"model": "admin.logentry", "pk": 9, "fields": {"action_time": "2021-01-12T15:35:34.272Z", "user": 1, "content_type": 29, "object_id": "5", "object_repr": "List for 2021-01-13", "action_flag": 2, "change_message": "[{\"changed\": {\"fields\": [\"List items\", \"List recipes\"]}}]"}}, {"model": "admin.logentry", "pk": 10, "fields": {"action_time": "2021-01-12T15:35:58.295Z", "user": 1, "content_type": 29, "object_id": "5", "object_repr": "List for 2021-01-13", "action_flag": 3, "change_message": ""}}, {"model": "admin.logentry", "pk": 11, "fields": {"action_time": "2021-06-28T15:49:31.836Z", "user": 2, "content_type": 21, "object_id": "6", "object_repr": "Great Recipe", "action_flag": 2, "change_message": "[{\"changed\": {\"fields\": [\"Recipe image\"]}}]"}}, {"model": "admin.logentry", "pk": 12, "fields": {"action_time": "2021-06-28T15:58:31.920Z", "user": 2, "content_type": 21, "object_id": "5", "object_repr": "Baked Chicken", "action_flag": 3, "change_message": ""}}]