[{"model": "contenttypes.contenttype", "pk": 15, "fields": {"app_label": "admin", "model": "logentry"}}, {"model": "contenttypes.contenttype", "pk": 16, "fields": {"app_label": "auth", "model": "permission"}}, {"model": "contenttypes.contenttype", "pk": 17, "fields": {"app_label": "auth", "model": "group"}}, {"model": "contenttypes.contenttype", "pk": 18, "fields": {"app_label": "auth", "model": "user"}}, {"model": "contenttypes.contenttype", "pk": 19, "fields": {"app_label": "contenttypes", "model": "contenttype"}}, {"model": "contenttypes.contenttype", "pk": 20, "fields": {"app_label": "sessions", "model": "session"}}, {"model": "contenttypes.contenttype", "pk": 21, "fields": {"app_label": "recipes", "model": "recipe"}}, {"model": "contenttypes.contenttype", "pk": 22, "fields": {"app_label": "recipes", "model": "ingredients"}}, {"model": "contenttypes.contenttype", "pk": 23, "fields": {"app_label": "components", "model": "measuringunit"}}, {"model": "contenttypes.contenttype", "pk": 24, "fields": {"app_label": "components", "model": "food"}}, {"model": "contenttypes.contenttype", "pk": 25, "fields": {"app_label": "components", "model": "recipecategory"}}, {"model": "contenttypes.contenttype", "pk": 26, "fields": {"app_label": "components", "model": "foodcategory"}}, {"model": "contenttypes.contenttype", "pk": 27, "fields": {"app_label": "components", "model": "aisle"}}, {"model": "contenttypes.contenttype", "pk": 28, "fields": {"app_label": "components", "model": "recipebook"}}, {"model": "components.measuringunit", "pk": 2, "fields": {"unit_name": "tablespoon"}}, {"model": "components.measuringunit", "pk": 3, "fields": {"unit_name": "teaspoon"}}, {"model": "components.measuringunit", "pk": 4, "fields": {"unit_name": "none"}}, {"model": "components.measuringunit", "pk": 5, "fields": {"unit_name": "cup(s)"}}, {"model": "components.measuringunit", "pk": 6, "fields": {"unit_name": "pinch"}}, {"model": "components.measuringunit", "pk": 7, "fields": {"unit_name": "pint"}}, {"model": "components.food", "pk": 2, "fields": {"food_name": "chicken-breast", "food_category": 2, "food_aisle": 2}}, {"model": "components.food", "pk": 3, "fields": {"food_name": "chicken-thigh", "food_category": 2, "food_aisle": 2}}, {"model": "components.food", "pk": 4, "fields": {"food_name": "chicken-thigh", "food_category": 2, "food_aisle": 2}}, {"model": "components.food", "pk": 5, "fields": {"food_name": "bean-black", "food_category": 4, "food_aisle": 2}}, {"model": "components.food", "pk": 6, "fields": {"food_name": "bean-red", "food_category": 4, "food_aisle": 2}}, {"model": "components.food", "pk": 7, "fields": {"food_name": "rice", "food_category": 7, "food_aisle": 3}}, {"model": "components.food", "pk": 8, "fields": {"food_name": "eggs", "food_category": 6, "food_aisle": 4}}, {"model": "components.food", "pk": 9, "fields": {"food_name": "milk", "food_category": 9, "food_aisle": 6}}, {"model": "components.food", "pk": 10, "fields": {"food_name": "cheese", "food_category": 9, "food_aisle": 6}}, {"model": "components.food", "pk": 11, "fields": {"food_name": "pasta-bow tie", "food_category": 8, "food_aisle": 4}}, {"model": "components.food", "pk": 12, "fields": {"food_name": "danimal", "food_category": 9, "food_aisle": 6}}, {"model": "components.food", "pk": 13, "fields": {"food_name": "chicken-nugget", "food_category": 2, "food_aisle": 3}}, {"model": "components.recipecategory", "pk": 2, "fields": {"recipe_category_name": "dinner-asian"}}, {"model": "components.recipecategory", "pk": 3, "fields": {"recipe_category_name": "dinner-generic"}}, {"model": "components.recipecategory", "pk": 4, "fields": {"recipe_category_name": "dinner-mexican"}}, {"model": "components.recipecategory", "pk": 5, "fields": {"recipe_category_name": "dinner-one pot"}}, {"model": "components.recipecategory", "pk": 6, "fields": {"recipe_category_name": "breakfast"}}, {"model": "components.recipecategory", "pk": 7, "fields": {"recipe_category_name": "lunch"}}, {"model": "components.foodcategory", "pk": 2, "fields": {"food_category_name": "meat"}}, {"model": "components.foodcategory", "pk": 3, "fields": {"food_category_name": "vegetable"}}, {"model": "components.foodcategory", "pk": 4, "fields": {"food_category_name": "bean"}}, {"model": "components.foodcategory", "pk": 5, "fields": {"food_category_name": "drink"}}, {"model": "components.foodcategory", "pk": 6, "fields": {"food_category_name": "egg"}}, {"model": "components.foodcategory", "pk": 7, "fields": {"food_category_name": "grain"}}, {"model": "components.foodcategory", "pk": 8, "fields": {"food_category_name": "pasta"}}, {"model": "components.foodcategory", "pk": 9, "fields": {"food_category_name": "dairy"}}, {"model": "components.aisle", "pk": 2, "fields": {"aisle_name": "1"}}, {"model": "components.aisle", "pk": 3, "fields": {"aisle_name": "2"}}, {"model": "components.aisle", "pk": 4, "fields": {"aisle_name": "3"}}, {"model": "components.aisle", "pk": 5, "fields": {"aisle_name": "produce"}}, {"model": "components.aisle", "pk": 6, "fields": {"aisle_name": "dairy"}}, {"model": "components.recipebook", "pk": 2, "fields": {"book_name": "good_book"}}, {"model": "components.recipebook", "pk": 3, "fields": {"book_name": "great_book"}}, {"model": "components.recipebook", "pk": 4, "fields": {"book_name": "okay_book"}}, {"model": "auth.permission", "pk": 57, "fields": {"name": "Can add log entry", "content_type": 15, "codename": "add_logentry"}}, {"model": "auth.permission", "pk": 58, "fields": {"name": "Can change log entry", "content_type": 15, "codename": "change_logentry"}}, {"model": "auth.permission", "pk": 59, "fields": {"name": "Can delete log entry", "content_type": 15, "codename": "delete_logentry"}}, {"model": "auth.permission", "pk": 60, "fields": {"name": "Can view log entry", "content_type": 15, "codename": "view_logentry"}}, {"model": "auth.permission", "pk": 61, "fields": {"name": "Can add permission", "content_type": 16, "codename": "add_permission"}}, {"model": "auth.permission", "pk": 62, "fields": {"name": "Can change permission", "content_type": 16, "codename": "change_permission"}}, {"model": "auth.permission", "pk": 63, "fields": {"name": "Can delete permission", "content_type": 16, "codename": "delete_permission"}}, {"model": "auth.permission", "pk": 64, "fields": {"name": "Can view permission", "content_type": 16, "codename": "view_permission"}}, {"model": "auth.permission", "pk": 65, "fields": {"name": "Can add group", "content_type": 17, "codename": "add_group"}}, {"model": "auth.permission", "pk": 66, "fields": {"name": "Can change group", "content_type": 17, "codename": "change_group"}}, {"model": "auth.permission", "pk": 67, "fields": {"name": "Can delete group", "content_type": 17, "codename": "delete_group"}}, {"model": "auth.permission", "pk": 68, "fields": {"name": "Can view group", "content_type": 17, "codename": "view_group"}}, {"model": "auth.permission", "pk": 69, "fields": {"name": "Can add user", "content_type": 18, "codename": "add_user"}}, {"model": "auth.permission", "pk": 70, "fields": {"name": "Can change user", "content_type": 18, "codename": "change_user"}}, {"model": "auth.permission", "pk": 71, "fields": {"name": "Can delete user", "content_type": 18, "codename": "delete_user"}}, {"model": "auth.permission", "pk": 72, "fields": {"name": "Can view user", "content_type": 18, "codename": "view_user"}}, {"model": "auth.permission", "pk": 73, "fields": {"name": "Can add content type", "content_type": 19, "codename": "add_contenttype"}}, {"model": "auth.permission", "pk": 74, "fields": {"name": "Can change content type", "content_type": 19, "codename": "change_contenttype"}}, {"model": "auth.permission", "pk": 75, "fields": {"name": "Can delete content type", "content_type": 19, "codename": "delete_contenttype"}}, {"model": "auth.permission", "pk": 76, "fields": {"name": "Can view content type", "content_type": 19, "codename": "view_contenttype"}}, {"model": "auth.permission", "pk": 77, "fields": {"name": "Can add session", "content_type": 20, "codename": "add_session"}}, {"model": "auth.permission", "pk": 78, "fields": {"name": "Can change session", "content_type": 20, "codename": "change_session"}}, {"model": "auth.permission", "pk": 79, "fields": {"name": "Can delete session", "content_type": 20, "codename": "delete_session"}}, {"model": "auth.permission", "pk": 80, "fields": {"name": "Can view session", "content_type": 20, "codename": "view_session"}}, {"model": "auth.permission", "pk": 81, "fields": {"name": "Can add recipe", "content_type": 21, "codename": "add_recipe"}}, {"model": "auth.permission", "pk": 82, "fields": {"name": "Can change recipe", "content_type": 21, "codename": "change_recipe"}}, {"model": "auth.permission", "pk": 83, "fields": {"name": "Can delete recipe", "content_type": 21, "codename": "delete_recipe"}}, {"model": "auth.permission", "pk": 84, "fields": {"name": "Can view recipe", "content_type": 21, "codename": "view_recipe"}}, {"model": "auth.permission", "pk": 85, "fields": {"name": "Can add ingredients", "content_type": 22, "codename": "add_ingredients"}}, {"model": "auth.permission", "pk": 86, "fields": {"name": "Can change ingredients", "content_type": 22, "codename": "change_ingredients"}}, {"model": "auth.permission", "pk": 87, "fields": {"name": "Can delete ingredients", "content_type": 22, "codename": "delete_ingredients"}}, {"model": "auth.permission", "pk": 88, "fields": {"name": "Can view ingredients", "content_type": 22, "codename": "view_ingredients"}}, {"model": "auth.permission", "pk": 89, "fields": {"name": "Can add measuring unit", "content_type": 23, "codename": "add_measuringunit"}}, {"model": "auth.permission", "pk": 90, "fields": {"name": "Can change measuring unit", "content_type": 23, "codename": "change_measuringunit"}}, {"model": "auth.permission", "pk": 91, "fields": {"name": "Can delete measuring unit", "content_type": 23, "codename": "delete_measuringunit"}}, {"model": "auth.permission", "pk": 92, "fields": {"name": "Can view measuring unit", "content_type": 23, "codename": "view_measuringunit"}}, {"model": "auth.permission", "pk": 93, "fields": {"name": "Can add food", "content_type": 24, "codename": "add_food"}}, {"model": "auth.permission", "pk": 94, "fields": {"name": "Can change food", "content_type": 24, "codename": "change_food"}}, {"model": "auth.permission", "pk": 95, "fields": {"name": "Can delete food", "content_type": 24, "codename": "delete_food"}}, {"model": "auth.permission", "pk": 96, "fields": {"name": "Can view food", "content_type": 24, "codename": "view_food"}}, {"model": "auth.permission", "pk": 97, "fields": {"name": "Can add recipe category", "content_type": 25, "codename": "add_recipecategory"}}, {"model": "auth.permission", "pk": 98, "fields": {"name": "Can change recipe category", "content_type": 25, "codename": "change_recipecategory"}}, {"model": "auth.permission", "pk": 99, "fields": {"name": "Can delete recipe category", "content_type": 25, "codename": "delete_recipecategory"}}, {"model": "auth.permission", "pk": 100, "fields": {"name": "Can view recipe category", "content_type": 25, "codename": "view_recipecategory"}}, {"model": "auth.permission", "pk": 101, "fields": {"name": "Can add food category", "content_type": 26, "codename": "add_foodcategory"}}, {"model": "auth.permission", "pk": 102, "fields": {"name": "Can change food category", "content_type": 26, "codename": "change_foodcategory"}}, {"model": "auth.permission", "pk": 103, "fields": {"name": "Can delete food category", "content_type": 26, "codename": "delete_foodcategory"}}, {"model": "auth.permission", "pk": 104, "fields": {"name": "Can view food category", "content_type": 26, "codename": "view_foodcategory"}}, {"model": "auth.permission", "pk": 105, "fields": {"name": "Can add aisle", "content_type": 27, "codename": "add_aisle"}}, {"model": "auth.permission", "pk": 106, "fields": {"name": "Can change aisle", "content_type": 27, "codename": "change_aisle"}}, {"model": "auth.permission", "pk": 107, "fields": {"name": "Can delete aisle", "content_type": 27, "codename": "delete_aisle"}}, {"model": "auth.permission", "pk": 108, "fields": {"name": "Can view aisle", "content_type": 27, "codename": "view_aisle"}}, {"model": "auth.permission", "pk": 109, "fields": {"name": "Can add recipe book", "content_type": 28, "codename": "add_recipebook"}}, {"model": "auth.permission", "pk": 110, "fields": {"name": "Can change recipe book", "content_type": 28, "codename": "change_recipebook"}}, {"model": "auth.permission", "pk": 111, "fields": {"name": "Can delete recipe book", "content_type": 28, "codename": "delete_recipebook"}}, {"model": "auth.permission", "pk": 112, "fields": {"name": "Can view recipe book", "content_type": 28, "codename": "view_recipebook"}}]